Descriptores,2003|Enero,2003|Febrero,2003|Marzo,2003|Abril,2003|Mayo,2003|Junio,2003|Julio,2003|Agosto,2003|Septiembre,2003|Octubre,2003|Noviembre,2003|Diciembre,2003|Anual,2004|Enero,2004|Febrero,2004|Marzo,2004|Abril,2004|Mayo,2004|Junio,2004|Julio,2004|Agosto,2004|Septiembre,2004|Octubre,2004|Noviembre,2004|Diciembre,2004|Anual,2005|Enero,2005|Febrero,2005|Marzo,2005|Abril,2005|Mayo,2005|Junio,2005|Julio,2005|Agosto,2005|Septiembre,2005|Octubre,2005|Noviembre,2005|Diciembre,2005|Anual,2006|Enero,2006|Febrero,2006|Marzo,2006|Abril,2006|Mayo,2006|Junio,2006|Julio,2006|Agosto,2006|Septiembre,2006|Octubre,2006|Noviembre,2006|Diciembre,2006|Anual,2007|Enero,2007|Febrero,2007|Marzo,2007|Abril,2007|Mayo,2007|Junio,2007|Julio,2007|Agosto,2007|Septiembre,2007|Octubre,2007|Noviembre,2007|Diciembre,2007|Anual,2008|Enero,2008|Febrero,2008|Marzo,2008|Abril,2008|Mayo,2008|Junio,2008|Julio,2008|Agosto,2008|Septiembre,2008|Octubre,2008|Noviembre,2008|Diciembre,2008|Anual,2009|Enero,2009|Febrero,2009|Marzo,2009|Abril,2009|Mayo,2009|Junio,2009|Julio,2009|Agosto,2009|Septiembre,2009|Octubre,2009|Noviembre,2009|Diciembre,2009|Anual,2010|Enero,2010|Febrero,2010|Marzo,2010|Abril,2010|Mayo,2010|Junio,2010|Julio,2010|Agosto,2010|Septiembre,2010|Octubre,2010|Noviembre,2010|Diciembre,2010|Anual,2011|Enero,2011|Febrero,2011|Marzo,2011|Abril,2011|Mayo,2011|Junio,2011|Julio,2011|Agosto,2011|Septiembre,2011|Octubre,2011|Noviembre,2011|Diciembre,2011|Anual,2012|Enero,2012|Febrero,2012|Marzo,2012|Abril,2012|Mayo,2012|Junio,2012|Julio,2012|Agosto,2012|Septiembre,2012|Octubre,2012|Noviembre,2012|Diciembre,2012|Anual,2013|Enero,2013|Febrero,2013|Marzo,2013|Abril,2013|Mayo,2013|Junio,2013|Julio,2013|Agosto,2013|Septiembre,2013|Octubre,2013|Noviembre,2013|Diciembre,2013|Anual,2014|Enero,2014|Febrero,2014|Marzo,2014|Abril,2014|Mayo,2014|Junio,2014|Julio,2014|Agosto,2014|Septiembre,2014|Octubre,2014|Noviembre,2014|Diciembre,2014|Anual,2015|Enero,2015|Febrero,2015|Marzo,2015|Abril,2015|Mayo,2015|Junio,2015|Julio,2015|Agosto,2015|Septiembre,2015|Octubre,2015|Noviembre,2015|Diciembre,2015|Anual,2016|Enero,2016|Febrero,2016|Marzo,2016|Abril,2016|Mayo,2016|Junio,2016|Julio,2016|Agosto,2016|Septiembre,2016|Octubre,2016|Noviembre,2016|Diciembre,2016|Anual,2017|Enero,2017|Febrero,2017|Marzo,2017|Abril,2017|Mayo,2017|Junio,2017|Julio,2017|Agosto,2017|Septiembre,2017|Octubre,2017|Noviembre,2017|Diciembre,2017|Anual,2018|Enero,2018|Febrero,2018|Marzo,2018|Abril,2018|Mayo,2018|Junio,2018|Julio,2018|Agosto,2018|Septiembre,2018|Octubre,2018|Noviembre,2018|Diciembre,2018|Anual,2019|Enero<P>,2019|Febrero<P>,2019|Marzo<P>,2019|Abril<P>,2019|Mayo<P>,2019|Junio<P>,2019|Julio<P>,2019|Agosto<P>,2019|Septiembre<P>,2019|Octubre<P>,2019|Noviembre<P>,2019|Diciembre<P>,2019|Anual<P>,2020|Enero<P>,2020|Febrero<P>,2020|Marzo<P>,2020|Abril<P>,2020|Mayo<P>,2020|Junio<P>,2020|Julio<P>,2020|Agosto<P>,2020|Septiembre<P>,2020|Octubre<P>,2020|Noviembre<P>,2020|Diciembre<P>,2020|Anual<P>,2021|Enero<P>,2021|Febrero<P>,2021|Marzo<P>,2021|Abril<P>,2021|Mayo<P>,2021|Junio<P>,2021|Julio<P>,2021|Agosto<P>,2021|Septiembre<P>,2021|Octubre<P>,2021|Noviembre<P>,2021|Diciembre<P>,2021|Anual<P>,2022|Enero<P>,2022|Febrero,2022|Marzo,2022|Abril,2022|Mayo,2022|Junio,2022|Julio,2022|Agosto,2022|Septiembre,2022|Octubre,2022|Noviembre,2022|Diciembre,2022|Anual
Índice de volumen físico base 2013=100|Actividades secundarias,86.473904806769,89.717421142935,85.26728450253,81.819485584887,99.274932440538,93.287360336746,102.576574231575,91.038885533988,98.897448138923,107.175361107603,102.121422419071,106.88387420312,95.37782953739041,119.15975469258,79.096521298457,108.520857675921,80.500644965535,83.122297688308,80.975834740276,83.543428161264,87.053506552396,86.542286389949,112.652129871649,94.512694136041,103.864871439632,93.29540230100066,106.146932182883,88.626710913292,111.736653628374,106.639399345759,105.484134999314,119.10912483308,116.23104413929,124.220090329516,108.560381125981,108.630388477905,114.454192488679,98.309701365527,109.01239615246665,93.755414480044,79.401471268694,103.575732259391,94.002306476098,96.327837943126,92.251919261461,91.410924118073,106.799991760929,103.574726122367,101.124061400495,100.787182768097,109.433424041568,97.70374932502858,83.07314860719,81.438981758266,84.800000165322,100.351452270986,89.512713450256,88.231896652078,107.820186078662,105.209374031869,112.055533612264,108.437113578137,103.366871436916,130.242003171225,99.54493956776423,99.297934698257,121.317605119307,89.332495322181,104.094911907897,106.846510507295,96.547363258762,103.786715440033,103.170208195061,101.740859636935,110.455257793168,95.308033676766,93.685595456197,102.13195758432157,112.85737512161,94.490132840759,104.990618141017,91.517921885919,80.653859483955,90.292066429442,117.299318761859,111.97439844203,112.979365092807,131.501725571222,129.655799131775,128.198696087334,108.86760641581076,110.023128764487,106.534616634499,116.589191320928,111.065074616854,117.186153015956,120.707578383484,99.029189718468,110.995892220649,107.271977896575,106.303193776132,124.727093514149,124.140545991582,112.88113632114693,96.247136559353,109.652193145986,103.958488309217,100.597646918547,105.877503162184,120.524105396612,93.294892643739,107.907445015619,102.948233257095,105.535569501947,108.084572678147,101.729911906145,104.69647487454925,100.207096513985,98.169843805781,98.98988047912,83.051239195623,100.983715056312,101.794176259404,97.47354515614,104.209936792883,94.316963927861,106.226465635566,103.423779929128,91.58370728126,98.3691958360886,104.752420932868,100.561638354869,97.238586192821,98.889770151351,100.530731316275,95.921636695588,92.336866078065,103.25892389183,101.721548515437,105.908992737053,109.956918824515,88.921966309327,99.9999999999999,103.187249668761,96.762057199331,100.466128708703,99.079716152336,103.026512898994,107.294228648479,99.469491523927,93.551554036246,96.585956029979,124.428423575125,132.254513448424,110.733296807724,105.5699273915024,109.799774414269,96.706810260331,113.911791422681,100.470372638416,96.692264120254,101.964593423574,92.633974383991,96.060283294681,96.123951135763,95.019977562368,97.368539370655,99.97466460939,99.72724971969775,100.377386196037,97.982625994055,99.788448742481,98.399205437031,104.513138969689,111.78691967415,98.300699170113,103.702313854185,103.659618785484,110.70225100993,104.702737046592,100.715229994786,102.88588123954442,123.327847588542,133.201504314189,138.112699318506,115.365498094543,116.933676081498,112.383552366767,97.740826228929,108.407291770644,90.556678278213,113.610286670549,114.925248069415,110.615176525539,114.598357108944,107.373673573326,100.103673847648,100.127131741767,111.932952963259,110.864926533915,111.444146053203,101.548281846147,103.194441678586,104.946821001297,114.400756239392,132.096089535668,109.020496164597,108.921115931567,115.762329245366,109.941714479715,130.397716745628,127.988108234516,119.908588872049,113.951420882559,103.067504826724,101.662906078557,100.182043037476,103.391528368644,101.582463839347,99.924038570827,110.646696931784,104.4258913113,104.739414693496,108.481368871939,85.227315088613,60.308277185753,75.621156852147,81.454631947206,85.685641284934,86.836413699144,86.714692502255,87.82590767069,85.515909149636,87.736385021426,83.530410604407,89.250839100889,107.204037313909,86.670122530359,94.759567504969,88.761321527327,84.919239946933,89.247209025986,88.414112039222,100.065544440892,94.210308518348,116.464151844982,93.624738699852,104.336798979957,,,,,,,,,,,,
Índice de volumen físico base 2013=100|Actividades secundarias|21---Minería,116.164503981394,118.136255027206,119.772940811196,118.051608534491,150.300357316244,135.453807895549,149.402688146653,125.516006516228,124.283301983772,150.48066601711,148.687595487922,154.813158290874,134.25524083405324,150.136424258229,110.454489203941,148.929917193857,111.736504751898,121.304912529414,107.847446865788,110.520972016691,116.500222569452,103.573122679784,131.268828530681,116.474928209304,125.624868946521,121.19771981296333,129.471536364361,99.867538498246,132.961496010513,125.845350793445,130.907951018396,146.929896614368,151.733155073075,151.537985723573,122.934779992131,134.908204840285,138.636989567264,126.07358658708,132.65070592356142,120.790460981727,99.035104342802,126.118893071973,111.746792273939,118.369420550159,105.672505078237,107.552904127118,125.310299596379,119.159013948546,124.341380922661,128.630158962617,137.097806949,118.65206173376318,105.057361180751,99.808240300057,102.431426867488,120.547596979531,115.302097683584,112.217287079522,136.116056698781,116.92835840114,127.125082652487,125.360057460161,125.0462320566,152.293602164772,119.85278329373949,118.147707265865,144.94146838597,123.02922225031,137.191647880517,142.023542877841,121.620505325283,131.990291285998,132.182166684796,117.738055682285,133.249858857662,118.098732358729,122.540792876496,128.56283264431266,156.278367396501,129.946870412113,155.47251311474,134.221777965499,129.387625752567,141.41309019737,166.43803758455,153.926332743844,145.640875067294,175.97761727189,168.561989458136,178.858488246017,153.01029876754342,152.286447664291,152.67408791538,175.547402305296,167.749867966918,183.750269561267,177.251825202406,146.566218748905,167.393187101999,170.547762388861,167.234522095623,188.304569024363,193.195257430269,170.20845145046485,114.783430180448,129.308829076,135.48926124713,146.470505858317,147.421897159704,159.930954023724,134.689104858141,139.233266409522,141.32804777266,143.697103110006,141.062064610343,145.042776437406,139.87143672861677,109.907050285337,101.733071435253,113.529825576267,103.211520588673,113.580337201185,115.475720259986,112.703900583176,112.489737989574,104.143897313135,108.415158993085,103.661396771151,95.923418185884,107.89791959855881,129.813349834788,110.020804433619,104.150924384691,97.594311977212,99.113397143506,93.79976086295,88.776818614458,95.025661437098,89.123028297653,92.750900423576,103.750939290879,96.080103299571,100.00000000000007,96.231470069949,91.677504032834,102.871002126633,100.376324114995,107.487968378817,106.496586253875,108.559019435455,103.488454885879,97.328959037858,122.924813142184,129.380575786195,123.132552779869,107.49626917037858,101.54936951985,89.861289156133,110.595802200138,95.615030810093,93.298613602234,98.884567567439,86.468219569481,93.699557365917,93.418727320095,83.819486761219,83.394484359126,91.132907821296,93.47817133775175,89.624991349896,87.052995254359,90.05898831419,94.557596119146,100.042116324372,105.651243547561,101.533687121657,92.321629774594,96.999246367541,107.202354084845,93.902405086836,100.354648260225,96.60849180043517,129.121394392569,136.989957593204,149.426732180026,136.151914007858,125.741770425163,125.405536182937,111.81819943114,111.154739579955,97.427194329517,119.254031533375,122.813924730954,119.037478684066,123.695239422564,111.066632628468,101.259932087264,113.429841832734,127.28968725687,120.450106695139,114.374367328864,110.32690180882,107.139658952194,110.524159156466,124.538730785412,146.609315500396,124.87702914006,117.657196931057,114.640680011815,103.890162814616,137.015446144197,136.546545215827,126.942855737369,122.433699346175,114.507330533393,113.285374737137,105.618442535791,127.663716875383,125.311489939763,126.003128273254,121.154906013727,112.742605660547,109.562890514583,115.511236826356,117.033500216245,79.725729411638,94.341946766743,104.333235341226,103.42945013609,102.151210956647,117.352670966088,113.606840896334,110.094685266096,106.657166913216,100.42789012457,101.102504519936,117.848351765317,98.487691536225,104.854298705677,101.552286523748,107.386827685913,105.333282352967,104.129627814467,130.021685409711,113.34488892351,141.759060962567,110.520699693717,117.06375047362,,,,,,,,,,,,
"Índice de volumen físico base 2013=100|Actividades secundarias|22---Generación, transmisión y distribución de energía eléctrica, suministro de agua y de gas por ductos al consumidor final",55.160039078621,56.836724441741,57.195630537349,58.33003680084,59.002683601895,59.515973979904,55.140231460897,56.218358539437,56.274376099963,57.720078886246,57.410390322142,57.808375005603,57.21774156288651,63.05744169305,63.903596240427,64.119959621032,66.925694491462,66.366325214419,67.120129703763,65.335873748311,66.090431596219,65.606363618704,68.469638267721,65.099150084505,68.0447496267,65.84494615885943,69.014271046943,69.153556594905,68.654500146592,71.643358395599,72.09388503005,74.543107967155,72.900410891355,72.78138773241,71.232260083175,73.66255264746,71.051376780765,74.664221304135,71.78290738504533,78.264145633433,78.948419010997,79.392890573662,82.705997452072,83.769878199719,85.609074264734,83.751920831024,83.840670718904,82.439320783986,85.387965037269,82.494056349467,83.715604590199,82.52666195378883,86.414509054786,86.464864297329,86.573727562499,88.55157933851,90.441611177507,92.224982341267,87.939685393143,91.787358307806,89.08316318363,89.78228080021,88.139873850138,89.846562575373,88.93751649018316,90.569393468033,91.916437606388,91.729166094902,93.987666266542,93.932196666611,96.750040125133,94.495577270486,97.693712960356,92.471561690593,96.274453843423,93.809537972194,93.050781379885,93.89004377871215,99.173274582527,97.00128098392,99.469169592137,101.17788236644,105.241375569316,106.753145537177,100.321495867698,101.136939489345,102.989955550511,102.360183766168,100.375706176293,95.914134460262,100.99287866181616,99.321708747447,100.864048595806,102.736204393628,102.359060763508,108.931068193655,110.114367924943,111.073632701876,103.402644620244,107.315243585624,104.073309863239,108.636350958424,105.26009119069,105.34064429492366,90.683721770887,92.11900960478,93.298796995862,97.135719847515,98.140108458507,98.549147777353,95.765897967094,95.197414593021,93.223958867375,94.636044402307,91.356068405476,91.587001111888,94.30774081683876,92.590372586901,91.507216413721,97.642351896639,95.880184628547,101.098348612195,99.358815993921,97.360550978098,96.743547820852,97.63416347265,95.830682642242,95.938829614238,93.505085563793,96.25751251864976,97.458453534671,93.347807414986,97.456822204921,98.139508887165,104.944867937222,105.342683114059,100.301232935469,99.987806907127,101.505392913789,101.228150561938,102.166666796199,98.120606792455,100.00000000000007,108.538330685527,110.216202089782,113.73636521681,111.93140156055,117.647415261229,113.490267575155,112.164053289034,114.324635471605,112.28000689324,115.339534772858,111.043612515148,107.370533505147,112.34019656967376,112.143627126751,109.922164924689,114.543736453085,115.083970211452,114.411039417218,109.734320654037,108.015274793789,112.007294015935,109.828276460904,110.019734088565,110.920219549825,108.094258633013,111.2269930274386,106.4098157404,113.635832696838,121.681859554118,125.718312467619,120.078754576569,126.036570951595,139.937659829173,133.967632768526,138.115981984016,127.277990628956,110.250230713491,110.103690634408,122.76786104547574,163.609366003745,161.35022556964,161.001802324512,145.150059486755,141.896660986546,118.481810480436,115.07809305637,113.550417247651,116.466257122804,116.429593967679,103.575458605006,113.288712329548,130.823204765058,115.248042280074,120.616768027018,118.210059976513,133.610585915493,127.943626283611,128.837648938028,126.921286293795,127.89645296494,126.599977304981,127.108841204753,126.816572808193,122.2563831419,125.172187094942,122.241025054254,114.130837839521,115.311342706291,122.167179711074,125.021916623729,126.690333463395,121.647009018796,120.146645563201,120.3007458237,120.305328672287,123.23689181811,108.268779303619,119.955669633165,112.178694887189,118.196699654176,120.955846515451,125.895970661937,120.982225673619,118.154485610789,120.940713799945,127.662029080198,123.863952922365,124.624161565339,124.270000442416,123.112699935981,121.736456729117,122.494341117649,115.344756114846,128.469493625597,130.08649067405,178.59900367615,116.142679064458,153.522147673649,255.942537987238,335.952285608298,392.552096902179,409.69103205954,406.640646638254,228.786459261826,398.691351100857,,,,,,,,,,,,
Índice de volumen físico base 2013=100|Actividades secundarias|23---Construcción,97.439506484367,112.907140103331,87.502728022833,93.215957062055,133.731093668648,118.284014895503,148.398252104621,116.175489004091,134.33198384843,141.760483979327,140.946097586477,158.401397848502,123.59117871734877,187.447324747158,84.039510398243,151.848845754642,82.476867628015,90.016064788887,70.413904463589,89.255093356389,91.947342196697,91.922907854991,152.684570585394,115.889926640196,135.165329244418,111.92564063821824,140.188602838757,88.811709878454,165.292562158847,136.290172974527,143.593071762931,178.629909041659,180.31577970021,192.691371839815,150.236903376902,148.244602854237,173.360886811338,132.157997507318,152.48446422874957,115.545966968357,75.466023354892,133.269947681478,122.910837508175,120.708421469745,106.748646756107,115.036053508379,143.605541378084,132.154954369113,126.269012616127,129.928493263832,156.929027358602,123.21441051940758,67.895959404569,78.837323207617,63.739745164633,127.962173922388,84.483338701023,83.414622330091,151.935279060122,118.465370138845,153.352132579497,134.111225949327,138.941737971393,220.374112344616,118.6260850645101,125.473100638816,195.95818668288,110.450331312202,138.742971731577,151.458887038164,126.66383404816,151.950443067603,145.477505874695,134.142348769734,150.548832724024,118.567629282267,133.023039095724,140.20475918882053,180.355578506714,136.036264224992,163.441826864293,126.836031934259,95.954756494784,117.529442833866,192.772318375963,174.260707050525,175.074068120353,225.933858950555,211.843666251955,222.196262902565,168.51956520923534,166.513459068947,160.842535515928,172.226626307336,166.747788515355,173.764626115862,178.304180063354,127.549836274447,154.623638641777,145.648259716694,127.997515025555,183.250715215149,189.05929340238,162.21070615523203,103.21564450244,144.32399104819,116.909531530779,130.516515817704,118.266021526211,161.944346683178,118.172179608071,126.721151522181,117.905866958613,115.199873273802,123.86094210422,113.96601464232,124.25017326814242,99.384648181257,94.422835346445,99.785384798881,87.803361294302,95.941441655104,105.759922813267,109.4663884139,104.442278186375,99.30928706842,107.032548651607,105.888841563205,94.82891207379,100.33882083721274,106.705942052533,104.77032335444,96.488584236576,87.878304612163,95.153377107394,88.965262177304,88.331230934005,101.941077751094,110.120626510562,100.996677902337,127.777696633826,90.870896727766,100,102.181047606647,92.451489998605,87.850149683617,96.169024463056,94.814382699967,113.519078518414,106.96903641748,78.577210700806,90.685202862222,156.826232110893,184.819559976328,133.985259769628,111.57063956730524,121.127485736801,89.780004033965,123.720103458889,97.88164419628,81.63515314902,97.530240471811,76.719773394083,81.919027518279,81.606877794209,63.640602964159,78.749804767019,95.795217728047,90.84216126771351,91.033558654641,80.453978431559,88.153052880413,88.296049659021,97.615087925765,119.184619651538,97.767808374856,90.289798476295,99.13457283383,113.666795776038,100.095333628772,95.032833831757,96.72695751037377,140.032521327753,178.719872424499,174.680034825529,150.307598603941,120.784886355122,126.360156827144,97.024519572976,106.732711443767,83.498043449834,123.561322095933,137.95234605287,134.049680525521,131.141974458741,104.77315199057,104.486155886178,100.10202425146,139.787955072352,122.108897202084,127.995788558947,109.468289650048,93.396858626971,111.636601931671,130.098044150382,182.587734115056,131.063333657801,121.458736257793,138.487920777188,121.060502360706,186.391753067648,193.792212027877,157.356483357444,149.141242425615,118.497944251332,105.970780887282,104.542137591506,114.427045933014,115.851739519246,122.692449256549,135.684350954617,119.835285215894,124.762856982355,132.815894269722,135.313080797886,66.735561147619,73.138628730969,83.401351663896,79.294052461781,86.825811168418,79.655647683061,86.7473461678,81.921695373193,95.870600971883,68.121072835631,86.820138840973,119.223289735942,83.432852130686,90.6917781037,81.02047145718,89.170072800886,85.503857415401,89.932788454462,105.139361085339,84.907319620034,145.778096507694,94.145091582327,118.679501215458,,,,,,,,,,,,
Índice de volumen físico base 2013=100|Actividades secundarias|31-33---Industrias manufactureras,80.291714265316,76.701117026422,83.773322695844,74.936590901534,79.381633486008,78.833052173849,76.605784956507,76.785790870274,79.349127916059,87.746316373303,80.036721649275,77.702732277639,79.34532538266917,81.245899607024,75.765128057386,84.073683948728,78.802812491731,78.515391747213,86.529512266506,80.012424554082,83.992953866028,83.604760331176,90.766255358812,82.621834119862,86.561028377996,82.70764039387866,87.281257740961,88.772586091701,82.071884322044,90.326302621053,84.129294615493,85.899936365667,80.150526775846,86.173255018971,85.664180718905,86.445017619768,81.673361606577,78.986483481476,84.7978405815385,81.029274697985,81.013015909327,86.790521071386,77.411290381979,82.203042763199,83.817249876709,77.749858754628,86.077899757249,87.548662621774,86.628407475809,83.959340390554,82.448098073098,83.05638848114141,90.857557500909,82.163376892728,96.106264182854,84.432506209068,91.50231589232,90.063044517977,82.545823784768,97.745499831692,88.900651012332,93.936108778535,82.996701954658,79.747606757087,88.416454776244,84.138891782782,79.201957957694,76.210391950914,83.721223160996,80.849885410685,78.674566594809,75.888927923516,78.443787319742,83.163749803322,87.456675054566,81.446268189548,70.494208159854,79.97421110903566,73.655989475839,69.736214328676,70.429890595457,69.833753281251,69.644822034217,72.700389094076,73.500187889267,75.683031276817,77.068882867066,77.495881511756,82.769319920476,74.338829140078,73.904765951248,77.000580846753,74.465303259936,83.611542384249,77.973068341398,83.254585753588,86.595333698942,80.964872945876,84.706652833927,83.495845484436,92.123477983003,90.036275101308,85.738671948888,83.33051754852534,91.878206882786,89.931202589508,95.942808528713,82.282577019476,97.766252865325,96.484491234761,77.793165435831,96.641955004671,93.546059442761,99.175781147368,98.612803582096,93.723734767479,92.81491987506458,100.600326445991,100.387194452969,98.113665956791,79.307033323703,103.430858335216,99.184027370692,90.193570591052,104.04666415973,91.068449325464,106.02638240398,102.255218227458,89.545358087413,97.01322905670492,103.06864653085,98.100071284637,97.434077756752,105.192485467315,103.483508566089,99.634046776401,94.469940273504,104.373294899789,97.376204205592,109.26229306998,100.307139638368,87.298291530722,99.99999999999993,103.812789271258,98.944263907824,107.117647553306,100.282529609399,107.07480607821,103.598971246166,94.529565189349,101.060558287847,99.410904563852,106.411008119275,103.238771933705,97.268950070009,101.89589715251667,103.575045582322,100.4351694599,108.4427460112,101.633402910968,104.773274699943,104.331185677914,101.363223141099,103.644988931086,104.003162515417,112.683491713842,107.938629826288,102.371309859466,104.59963586078707,105.826525691193,107.771153656177,106.003861124974,103.386528095119,108.074863844724,107.345813573856,97.188937644692,110.714206633541,105.35347772768,108.61430135914,107.485733706526,103.650333204915,105.95131135521142,112.412119073253,106.410451896718,116.315146405633,93.96680180367,113.683535315033,103.855603967296,97.148191214146,109.105663870703,93.518988299024,107.703219907295,101.98466051995,96.985579939516,104.424163517686,108.480208230457,96.938835710681,99.144449362889,94.978467631544,103.650135444265,101.427131394793,95.98143174072,107.840357731633,100.296863446468,104.783064143564,103.194125050265,95.607721568115,101.02689928795,102.72179853537,103.706520117827,98.941502969912,90.621122347582,98.309075147528,93.34454341739,93.374399998557,98.267288898148,96.904529280571,95.82728314813,92.054843722723,85.925075230918,95.833165234555,95.185748272874,92.818670768493,94.078516446354,54.553511450136,54.134274748481,75.08707819404,78.373632283656,87.41480424437,85.184910807595,88.534832863037,86.460833745554,85.57825971589,81.45042279504,90.489646638169,89.42554310756,99.384318785798,86.757981052061,94.101943540124,91.873224345502,79.630531350447,85.606999454991,79.262508023982,87.028078252107,88.941650256993,89.918596836321,88.535085137005,86.544780660183,,,,,,,,,,,,
Variación porcentual anual|Actividades secundarias,NA,NA,NA,NA,NA,NA,NA,NA,NA,NA,NA,NA,NA,37.798512694494,-11.838168896492,27.271389383464,-1.611890627183,-16.270607650028,-13.197420906786,-18.555061146166,-4.377666706063,-12.492902477745,5.110100593501,-7.450668138764,-2.824563374032,-2.183345172028,-10.92048447336,12.048810059389,2.9632975829,32.470242184289,26.902332987544,47.092185236637,39.126495880597,42.693953694732,25.442007201914,-3.570053578504,21.099280403471,-5.348459009391,16.846482746018,-11.67392919231,-10.409096252735,-7.303710200706,-11.850303871918,-8.680259885762,-22.548403079325,-21.354122906676,-14.023575834132,-4.592517962726,-6.909969836789,-11.941030226511,11.314979622084,-10.3737255822,-11.393758890723,2.566086568695,-18.127539805413,6.754244691328,-7.074927288302,-4.357657424979,17.951095144158,-1.489342557835,8.18810515596,7.231762724283,2.559540407786,19.01482962075,1.884462219163,19.530722457368,48.967487682265,5.344923523612,3.730349239792,19.364620274495,9.424558376518,-3.740923462779,-1.938197860763,-9.204966183125,1.86111945296,-7.796344852198,-28.068063163132,2.598844328793,13.655309613999,-22.113420597254,17.527913848555,-12.082233215305,-24.514278378377,-6.478992919314,13.019588551902,8.533655597867,11.046206505407,19.054292388203,36.038688586839,36.839281922773,6.595045263798,-2.511352363165,12.746816447002,11.047247254352,21.358824947207,45.295158552541,33.685697046052,-15.575648039767,-0.873866022051,-5.051707620718,-19.16213014364,-3.801376915364,-3.165515890261,3.686615364727,-12.520996593928,2.926350711133,-10.833511124495,-9.424589804146,-9.65015879669,-0.151997902144,-5.790511960192,-2.782487840983,-4.030637566549,-0.722108383499,-13.343148122115,-18.052630513609,-7.250690162537,4.114366511247,-10.471609377587,-4.779415236703,-17.442165160316,-4.622122698129,-15.540400881278,4.478972421736,-3.426555250382,-8.384086891204,0.654657133021,-4.312172064461,-9.973668938439,-6.0434499309,4.5359306646,2.436384185168,-1.769164966987,19.070794258014,-0.448571078797,-5.769032944332,-5.269818667051,-0.912593299949,7.850745273395,-0.298864220525,6.316863394341,-2.906347701954,1.657840292431,-1.494162378462,-3.778360434155,3.319199344879,0.19207851398,2.482605617249,11.856127923445,7.724569555817,-9.400998470363,-5.048677060474,17.486174081602,20.278482575066,24.528619196885,5.569927391503,6.408276959348,-0.05709566394,13.383279406498,1.403573344863,-6.148173514278,-4.967308393041,-6.87197354205,2.681654286003,-0.478335477751,-23.634829701914,-26.377908147062,-9.715805912485,-5.534414786644,-8.58142766549,1.319261518697,-12.398490537116,-2.061470607697,8.088418365825,9.633075483146,6.117328791953,7.955452865011,7.839531730315,16.504185593255,7.532410081677,0.740753058077,3.167270258354,22.864175151645,35.944003299392,38.405497889767,17.242306563511,11.884187226844,0.533723171151,-0.56955133169,4.537003796342,-12.640351817603,2.626898400068,9.763365611229,9.829641982911,11.383948631523,-12.936392167034,-24.847940447032,-27.503312703446,-2.975365415118,-5.189907433812,-0.835893058887,3.895460846934,-4.808578839039,15.890758138095,0.695772884664,14.940878314121,-1.441646988263,-4.954033653362,7.812581420446,9.827851720048,30.232150344554,14.34354660198,8.157370072642,2.249803976387,1.496059758922,-1.484126058649,-4.540183226476,-9.623387320719,-23.099567749189,-8.343804985107,1.584248366773,-9.792855765745,-4.73187071062,-16.807309530152,-33.409973579382,-49.70478949585,-33.637372604521,-20.969628512744,-15.715923742409,-13.32137869592,-16.12978948036,-13.542254882115,-14.419082362227,-20.70582542964,-20.009865795258,-14.787724027227,-1.177466297957,1.692893223547,57.125310035145,17.376307401474,4.253420483162,4.156551421735,1.816862618883,15.396297390191,7.269382141312,36.190041131636,6.711415881778,24.908758648497,,,,,,,,,,,,
Variación porcentual anual|Actividades secundarias|21---Minería,NA,NA,NA,NA,NA,NA,NA,NA,NA,NA,NA,NA,NA,29.244665205368,-6.502462619537,24.34354219341,-5.349443231642,-19.291667235242,-20.380645962385,-26.024776804415,-7.182975460274,-16.663686089296,-12.766980632744,-21.664663533573,-18.853881457229,-9.725892963262,-13.764073572397,-9.584898524267,-10.722104385889,12.62689044451,7.916446489052,36.238641603836,37.289016106518,30.075275721669,18.693708185479,2.772460416034,19.027323475259,0.357188544213,9.449836290875,-6.705006850466,-0.833538272758,-5.146304113485,-11.203082537905,-9.578127509211,-28.079643753113,-29.117071298412,-17.307664478949,-3.071357059269,-7.832602865136,-7.218009158942,8.744274403826,-10.553011453904,-13.025117772633,0.780668594622,-18.781853874159,7.875666519373,-2.591313577712,6.193457793434,26.557304801276,-6.688948332449,6.685242215399,0.819257860851,-2.786225979133,11.083908308923,1.011968559527,12.460189308003,45.219941710451,20.108863083074,13.80703665442,23.175159629434,8.379473867603,-3.031064455469,13.04543097349,-7.384087211068,6.293712333379,-5.55594485624,-19.53648010511,7.267290012971,32.273719916402,-10.345278091103,26.370394180354,-2.164759998804,-8.897058099827,16.274052487408,26.098697080614,16.450151033535,23.699065882576,32.065893938297,42.729719524951,45.958324609733,19.015967228155,-2.554364880254,17.489622821381,12.912179000889,24.97961993175,42.015334536442,25.343293859865,-11.939469561187,8.748895733497,17.1015776375,-4.968299555255,11.712355572981,8.015705223077,11.239866088393,-24.626628343526,-15.304010758086,-22.818988223193,-12.685173685381,-19.770513800226,-9.771900040467,-8.103582116089,-16.822620549854,-17.132863080067,-14.074497711758,-25.088347382536,-24.924256233486,-17.823447933005,-4.248330867482,-21.325502549048,-16.207510077725,-29.5342635817,-22.955585710485,-27.796516337384,-16.322927008922,-19.207714585456,-26.310524376123,-24.552996096178,-26.513625716811,-33.865428846586,-22.859218349272,18.111940496784,8.146547510502,-8.261178191695,-5.442424042803,-12.737187099607,-18.771010345927,-21.230038929362,-15.525039763267,-14.423186958635,-14.448402525064,0.086379812078,0.163343964019,-7.319807117638,-25.869357664353,-16.672574332841,-1.228911088038,2.850588401538,8.449484607197,13.536095693758,22.283070208798,8.905797992664,9.207419111477,32.53220462638,24.703040445215,28.156141127316,7.496269170379,5.526154225884,-1.981091103932,7.509210480905,-4.743442586568,-13.200877261514,-7.147664497235,-20.34911514571,-9.458927114872,-4.017541907791,-31.812394407086,-35.54327312862,-25.987965193721,-13.04054358427,-11.742444316824,-3.125143126864,-18.569252609411,-1.105929352308,7.227870234908,6.843005078125,17.423126817212,-1.470580683687,3.83276367615,27.896695896311,12.600258648353,10.119001642099,3.348718120911,44.068515318991,57.36386461251,65.920953562924,43.988341070242,25.688834907754,18.697643276185,10.129162646443,20.399455524499,0.441186893715,11.241989554625,30.788902177087,18.616806244386,28.037646709238,-13.982780970603,-26.082222473593,-24.089993685952,-6.50907246921,-4.208357900586,-8.796397025073,-1.333680590375,-3.61215423016,13.442822527202,4.431463812238,19.375157028464,4.905640240829,-4.881386316639,3.217930803127,2.597503941722,20.793121043264,7.272276457304,5.3904053889,7.046449484733,3.789129084597,5.736172622768,-4.438592121502,2.509248384228,-14.526925173848,0.901766434507,2.972796542756,-1.655672620812,5.460312647781,-15.694733639892,-14.290398170631,-37.195575955387,-22.944461148727,-8.885103813681,-8.700085623512,-3.282789914242,-8.076723881821,-9.340443601026,-12.625434959566,-11.966283147352,-10.922858722154,-7.721944861906,2.02327929574,-15.846581231658,31.518770012496,7.642771857181,2.926768574463,1.840706118395,1.936753210551,10.79567626312,-0.230577640182,28.761039299889,3.622384591975,16.564980433638,,,,,,,,,,,,
"Variación porcentual anual|Actividades secundarias|22---Generación, transmisión y distribución de energía eléctrica, suministro de agua y de gas por ductos al consumidor final",NA,NA,NA,NA,NA,NA,NA,NA,NA,NA,NA,NA,NA,14.317253479775,12.433636646197,12.106395223952,14.736245958443,12.48018083755,12.776663499494,18.490387177,17.560229991163,16.583013736419,18.623604799051,13.392627570061,17.707424953746,15.077848863523,9.446671469625,8.215438040022,7.071964100353,7.049107132895,8.630219915185,11.059243026129,11.577922983298,10.123940749955,8.575229831618,7.58425852848,9.143324741619,9.728115267894,9.01809717007,13.402843275992,14.163931543636,15.64120400577,15.441262531814,16.19553886547,14.845056235722,14.885389268712,15.195207636264,15.733125254941,15.917738346546,16.104796398259,12.122785355511,14.967009501459,10.413917324961,9.520703999513,9.044685156254,7.06790567374,7.964357978272,7.72804534257,5.000201213974,9.478320629787,8.059069793955,5.146294048609,6.843908216555,7.32355456929,7.76822227462,4.808086580244,6.304957919453,5.954968877459,6.138893251414,3.859490607983,4.906542315315,7.454986731001,6.434823663563,3.803635149302,7.231018175691,6.432575716748,3.566323198869,5.56854686748,9.499766736906,5.532028340031,8.437887126574,7.650169841974,12.039725785232,10.339122752927,6.165281768199,3.524511889917,11.374733666889,6.321230274277,6.999467587235,3.077194020206,7.565056524891,0.149671537564,3.982182062654,3.284469765745,1.167427474703,3.50593348327,3.148593299853,10.71767993607,2.240235014367,4.199718323979,1.673625460642,8.229725196277,9.744087024317,4.305021988398,-8.696977816325,-8.670124898585,-9.186058073167,-5.102959012159,-9.906227776968,-10.502916527181,-13.781609876638,-7.935222602243,-13.130739163823,-9.067901725556,-15.906538097512,-12.989814016056,-10.473548507256,2.102528192249,-0.664133487414,4.655531518772,-1.292557692411,3.014302918708,0.821588247924,1.665157477615,1.624133632663,4.730763055825,1.262350140985,5.016373065029,2.09427585642,2.067456695414,5.257653481415,2.011416228577,-0.190009445813,2.356403742203,3.804730124507,6.022482313501,3.020403980697,3.353463005391,3.96503570415,5.632296223795,6.491466705402,4.936117860149,3.887995215568,11.36882101963,18.070477649042,16.704364705898,14.053354077044,12.104019542533,7.734362008109,11.827192953049,14.338576880474,10.614819242759,13.940177838462,8.688690741626,9.42709897041,12.340196569674,3.321680385586,-0.266782160443,0.70986199949,2.816518516653,-2.750911132918,-3.309488118557,-3.698848582579,-2.02698346346,-2.183585929655,-4.612295944118,-0.111121173499,0.674044455438,-0.990921839401,-5.112917722797,3.378452175404,6.2317882427,9.240506941695,4.9538184324,14.856109009828,29.553584061446,19.606168460303,25.756304691881,15.686509955113,-0.604027686794,1.85896274863,10.375959741346,53.754016831389,41.988861911274,32.313726067694,15.456576403013,18.169664139933,-5.994101881795,-17.764743817461,-15.240409268224,-15.675032353401,-8.523387749656,-6.054202395123,2.892747442695,6.561443403008,-29.559019086086,-25.245367583971,-26.578424421454,-7.950030204648,-9.833236811864,8.740445825059,10.291440293179,12.634066932577,8.700992401165,9.172279034176,22.438823362414,7.915767271029,-4.319583578666,6.067767083788,-5.377303913536,-2.452174773279,-8.564745170459,-2.283591410334,-1.666683219022,-4.155549812811,-6.059438883628,-4.975697164705,-5.352509288875,-2.82272333246,-11.441205341439,-4.167473288471,-8.231549238563,3.562456818526,4.895011780009,3.052203512991,-3.231186226546,-6.737568383678,-0.580610427291,6.255175483067,2.96191604987,3.589893266338,0.838311165646,13.71025029361,1.48453766412,9.195726729424,-2.41287916471,6.211892460433,3.3285576894,47.624167667379,-1.702691637927,26.940004610523,100.484466549136,171.226840159756,214.988756571388,229.678144846698,230.299511626102,87.935861950469,225.477362842367,,,,,,,,,,,,
Variación porcentual anual|Actividades secundarias|23---Construcción,NA,NA,NA,NA,NA,NA,NA,NA,NA,NA,NA,NA,NA,92.373023540746,-25.567585609439,73.53612759938,-11.520655660802,-32.688754485233,-40.470481555944,-39.854349973432,-20.854783582224,-31.570348906103,7.706016725832,-17.777129963395,-14.66910577791,-9.438811248665,-25.2117345351,5.678518898547,8.853354358668,65.246543538995,59.519383678566,153.685561683387,102.022957928263,109.567092681812,63.437936073456,-2.907934779614,49.590988481313,-2.224928355453,36.237294117111,-17.578202058796,-15.026944692121,-19.373294272367,-9.81680129561,-15.937154914388,-40.240328549229,-36.203002477301,-25.473808190299,-12.035624138516,-14.823872043232,-25.053167612584,18.74349666195,-19.195433356039,-41.239005405388,4.467308204211,-52.172454275307,4.109756728228,-30.010402197001,-21.858847990203,32.076226910075,-17.506407481206,16.039639460795,6.210718822235,6.937080913621,40.429158361528,-3.723854568273,84.802014345455,148.560172656835,73.28329604538,8.424988009134,79.276635330618,51.848477533018,0.009980570395,22.801714715609,-12.526584069383,12.2566971246,-14.663778492047,-39.637629084261,18.190496729767,43.740433278908,-30.57893292045,47.977670073532,-8.582012947188,-36.646334611844,-7.211522754649,26.865255858582,19.785327637265,30.513644442652,50.073471087432,78.669057932862,67.035924312834,20.195324455628,-7.674905069405,18.235043010229,5.374878396542,31.467206891006,81.090164222664,51.710223212235,-33.833945999608,-11.268787290674,-16.807633888664,-43.347351468216,-13.497194201123,-14.913378410291,-3.743695306934,-38.013632603895,-10.270009991295,-32.118782073711,-21.728187833996,-31.938954337372,-9.175238277848,-7.35215108093,-18.045421362926,-19.047527798852,-9.998351725186,-32.409026639378,-39.719432675672,-23.40198978652,-3.711643074701,-34.575786977151,-14.647348687211,-32.726244840201,-18.876579750473,-34.693661755188,-7.367039537601,-17.581021848516,-15.77239569997,-7.089699311373,-14.509901374634,-16.79193804275,-19.244522403463,7.366624529297,10.958671141392,-3.303891215081,0.085353586419,-0.821401611353,-15.879985715966,-19.307440197973,-2.394816044531,10.886534141257,-5.639285269116,20.671540785112,-4.173848733964,-0.337676718129,-4.240527152329,-11.757941525254,-8.952804750227,9.434319298128,-0.356261036373,27.599330053314,21.099904627617,-22.918991603497,-17.649212744423,55.278604572066,44.641486617158,47.445733006273,11.570639567305,18.542027679232,-2.88960833912,40.83083967922,1.780843408557,-13.900032015872,-14.084714442083,-28.278522492565,4.252908429389,-10.010811887145,-59.419669714976,-57.390979192297,-28.503166771662,-18.57879311258,-24.844837568536,-10.387642218058,-28.747996149465,-9.793046097629,19.574820601579,22.202733300946,27.434954575083,10.218347570286,21.47820810376,78.607352039158,27.105500673816,-0.795847553115,6.478045172569,53.825164474787,122.139260119415,98.155400315514,70.231396743563,23.735878255805,6.020522779353,-0.760259245078,18.211263337562,-15.773033500841,8.704851977521,37.820956333989,41.056175135047,35.57955076244,-25.179414755132,-41.536352690539,-42.694066696608,-6.998743662526,1.096172614734,1.294420466762,12.825386955627,-12.494625721021,33.699662075008,5.290265548773,32.355657108636,-2.227791111484,-7.383782531042,32.178824580607,15.862720122064,86.201782093262,38.632983026022,28.865698538762,16.520429386573,8.248648654465,13.462896338443,-6.354962635379,-12.045529446433,-36.550097365115,-6.386900262363,11.712302577091,-13.468781577928,3.058268014301,-28.743685230795,-30.176202964017,-57.58957004903,-50.960158611092,-29.617891524765,-25.173664100745,-16.946589032179,-30.387394838724,-25.122103019101,-33.230043193697,-29.342919579614,-43.154411730314,-30.411870214505,-10.234170095769,-38.340882020632,35.89722862012,10.776579849758,6.916819718028,7.83136283344,3.57840283233,31.992349749856,-2.121132955707,77.948095243396,-1.799831618936,74.218485228234,,,,,,,,,,,,
Variación porcentual anual|Actividades secundarias|31-33---Industrias manufactureras,NA,NA,NA,NA,NA,NA,NA,NA,NA,NA,NA,NA,NA,1.188398268039,-1.220306829056,0.358540455623,5.15932409479,-1.091236978573,9.762986311483,4.446974336872,9.386063377182,5.363174778202,3.441670386095,3.229907993877,11.400237598731,4.237571646463,7.428507977792,17.168133107969,-2.381006199163,14.623196514123,7.150066685465,-0.727585172213,0.172600971079,2.595814354167,2.463281252851,-4.76084170484,-1.147968358956,-8.750525540713,2.52721535484,-7.163030420037,-8.740953174844,5.749394921684,-14.298174357093,-2.289632714856,-2.424549513159,-2.995199305342,-0.110655285913,2.199848159469,0.212146241727,2.79892824173,4.382540453816,-2.053651470903,12.129298749812,1.41997056953,10.733595093646,9.070015229618,11.312565589463,7.451681665117,6.168454974659,13.55469883367,1.544270751912,8.435686994208,-1.146553118948,-3.275383397706,6.453526806453,-7.39472411864,-3.604305284215,-20.701951533654,-0.842427969994,-11.641705871326,-12.645006599677,-8.064485344055,-19.746906553433,-6.453159952917,-6.897702926193,-1.868066716623,-11.6033558542,-9.548272081903,-12.459044901621,-11.951401042477,-7.584925372356,-16.587753206901,-13.85909617503,-7.593530869387,-3.147679245985,-3.519406873704,-7.328754355918,-11.389403423576,1.62444733238,5.453811143613,-7.589252927438,4.540827425869,6.781396117907,18.715990721193,11.655273671696,19.541673482466,19.112613808553,10.156008128653,11.922912447977,8.339244554064,18.875321095648,8.779769107459,15.334977616246,12.753915767077,19.321446503946,20.769269246894,14.748282106547,5.526919447634,17.430471823724,11.419965849661,-3.917387126841,14.090159121438,12.036783267496,7.655272378737,9.525636718243,9.313256943554,11.38166737176,9.493132113834,11.626656335496,2.26265778683,-3.616250005233,5.794029436409,2.797896430176,15.940224421707,7.662002651645,-2.648545681192,6.907534457866,3.693652865603,-4.45818414133,4.523312832992,2.453590532019,-2.278301710487,-0.692653967632,32.639541612857,0.05090379382,0.453721650188,4.741324303305,0.313927162103,6.926388806276,3.051986300608,-1.905114108462,-2.509417131927,3.07872541955,0.721987496154,0.860542313713,9.938586190275,-4.667591830446,3.470405634563,3.979487532674,0.063115225512,-3.173931238946,2.089525233459,-2.60957817248,2.922655661308,11.421367319403,1.895897152517,-0.229011946028,1.506813526315,1.237049625492,1.3470674372,-2.149461168845,0.706777705358,7.229122378868,2.557308891841,4.619471044663,5.894581496245,4.552415535901,5.245620298959,2.653432359719,2.17376694957,7.304198554876,-2.249006942312,1.724949803842,3.151174910049,2.889479187219,-4.118145977458,6.820607320587,1.298340530811,-3.611168142567,-0.419586685963,1.249396288086,1.292237284863,6.223008209943,-1.262584386728,9.727273300453,-9.111173829904,5.189616966224,-3.251370025864,-0.041924967526,-1.452878371935,-11.233126503186,-0.838822733695,-5.117956585379,-6.430035542889,-1.441367565905,-3.497764187004,-8.901020545642,-14.762219344043,1.07662047495,-8.825728231414,-2.338316354376,-1.2010099816,-1.159707107937,7.247592463011,-2.711298479511,1.185927887732,-1.420683747275,-3.25333152337,-5.308258334879,6.98139642129,-0.204697685328,-4.587719082672,-5.152969915422,-7.96886184816,-2.716183427234,-8.877074441192,-3.38229337322,-8.546973758244,-10.794491762119,-10.127473156338,-5.140941759077,-7.336369076425,-10.498712459895,-4.915011777249,-39.800446036308,-44.934610902153,-19.559220662435,-16.065182443082,-11.043842539532,-12.093984213105,-7.609993777889,-6.076823066496,-0.403625500584,-15.008105392651,-4.933618445949,-3.655652071765,5.63975978774,59.032807872251,73.830616512997,22.355572430297,1.603726955313,-2.068076231487,-6.952408269805,-1.701877738066,2.869295152462,5.071775395808,8.698128381473,-4.359466662258,,,,,,,,,,,,
Contribución a la variación de las actividades secundarias|Actividades secundarias,NA,NA,NA,NA,NA,NA,NA,NA,NA,NA,NA,NA,NA,37.798512694494,-11.838168896492,27.271389383464,-1.611890627183,-16.270607650028,-13.197420906786,-18.555061146166,-4.377666706063,-12.492902477745,5.110100593501,-7.450668138764,-2.824563374032,-2.183345172028,-10.92048447336,12.048810059389,2.9632975829,32.470242184289,26.902332987544,47.092185236637,39.126495880597,42.693953694732,25.442007201914,-3.570053578504,21.099280403471,-5.348459009391,16.846482746018,-11.67392919231,-10.409096252735,-7.303710200706,-11.850303871918,-8.680259885762,-22.548403079325,-21.354122906676,-14.023575834132,-4.592517962726,-6.909969836789,-11.941030226511,11.314979622084,-10.3737255822,-11.393758890723,2.566086568695,-18.127539805413,6.754244691328,-7.074927288302,-4.357657424979,17.951095144158,-1.489342557835,8.18810515596,7.231762724283,2.559540407786,19.01482962075,1.884462219163,19.530722457368,48.967487682265,5.344923523612,3.730349239792,19.364620274495,9.424558376518,-3.740923462779,-1.938197860763,-9.204966183125,1.86111945296,-7.796344852198,-28.068063163132,2.598844328793,13.655309613999,-22.113420597254,17.527913848555,-12.082233215305,-24.514278378377,-6.478992919314,13.019588551902,8.533655597867,11.046206505407,19.054292388203,36.038688586839,36.839281922773,6.595045263798,-2.511352363165,12.746816447002,11.047247254352,21.358824947207,45.295158552541,33.685697046052,-15.575648039767,-0.873866022051,-5.051707620718,-19.16213014364,-3.801376915364,-3.165515890261,3.686615364727,-12.520996593928,2.926350711133,-10.833511124495,-9.424589804146,-9.65015879669,-0.151997902144,-5.790511960192,-2.782487840983,-4.030637566549,-0.722108383499,-13.343148122115,-18.052630513609,-7.250690162537,4.114366511247,-10.471609377587,-4.779415236703,-17.442165160316,-4.622122698129,-15.540400881278,4.478972421736,-3.426555250382,-8.384086891204,0.654657133021,-4.312172064461,-9.973668938439,-6.0434499309,4.5359306646,2.436384185168,-1.769164966987,19.070794258014,-0.448571078797,-5.769032944332,-5.269818667051,-0.912593299949,7.850745273395,-0.298864220525,6.316863394341,-2.906347701954,1.657840292431,-1.494162378462,-3.778360434155,3.319199344879,0.19207851398,2.482605617249,11.856127923445,7.724569555817,-9.400998470363,-5.048677060474,17.486174081602,20.278482575066,24.528619196885,5.569927391503,6.408276959348,-0.05709566394,13.383279406498,1.403573344863,-6.148173514278,-4.967308393041,-6.87197354205,2.681654286003,-0.478335477751,-23.634829701914,-26.377908147062,-9.715805912485,-5.534414786644,-8.58142766549,1.319261518697,-12.398490537116,-2.061470607697,8.088418365825,9.633075483146,6.117328791953,7.955452865011,7.839531730315,16.504185593255,7.532410081677,0.740753058077,3.167270258354,22.864175151645,35.944003299392,38.405497889767,17.242306563511,11.884187226844,0.533723171151,-0.56955133169,4.537003796342,-12.640351817603,2.626898400068,9.763365611229,9.829641982911,11.383948631523,-12.936392167034,-24.847940447032,-27.503312703446,-2.975365415118,-5.189907433812,-0.835893058887,3.895460846934,-4.808578839039,15.890758138095,0.695772884664,14.940878314121,-1.441646988263,-4.954033653362,7.812581420446,9.827851720048,30.232150344554,14.34354660198,8.157370072642,2.249803976387,1.496059758922,-1.484126058649,-4.540183226476,-9.623387320719,-23.099567749189,-8.343804985107,1.584248366773,-9.792855765745,-4.73187071062,-16.807309530152,-33.409973579382,-49.70478949585,-33.637372604521,-20.969628512744,-15.715923742409,-13.32137869592,-16.12978948036,-13.542254882115,-14.419082362227,-20.70582542964,-20.009865795258,-14.787724027227,-1.177466297957,1.692893223547,57.125310035145,17.376307401474,4.253420483162,4.156551421735,1.816862618883,15.396297390191,7.269382141312,36.190041131636,6.711415881778,24.908758648497,,,,,,,,,,,,
Contribución a la variación de las actividades secundarias|Actividades secundarias|21---Minería,NA,NA,NA,NA,NA,NA,NA,NA,NA,NA,NA,NA,NA,0.775699737654,-0.169060792603,0.675178604279,-0.152399087338,-0.576698462646,-0.584312231495,-0.748438040659,-0.195539806856,-0.4134827462,-0.353942380521,-0.62282846124,-0.539206444606,-0.270316102593,-0.342422325053,-0.264284763635,-0.29054096876,0.346059481838,0.228112848992,0.952982582571,0.974029132637,0.794710080598,0.441746160093,0.063789056011,0.46299748132,0.008530275825,0.242391346355,-0.161482215531,-0.018545727655,-0.12091614636,-0.261045156608,-0.234702714434,-0.683935822979,-0.750524126693,-0.416895066454,-0.068673998679,-0.192066559362,-0.172632858276,0.221416574489,-0.25355297344,-0.331342052494,0.019225867325,-0.451563898757,0.184859805959,-0.062873306174,0.140080729181,0.616973710451,-0.154964425007,0.15186191525,0.019890258093,-0.070212179835,0.274177658321,0.024265525319,0.311135148933,1.094265433471,0.479604782553,0.327486945148,0.589432175396,0.210430903444,-0.075554976085,0.286274368762,-0.165406806295,0.143663598711,-0.132710652172,-0.451061261296,0.172766703663,0.758215619868,-0.244044832637,0.717090639599,-0.056333475208,-0.233509763731,0.404781557434,0.655356580725,0.416147287168,0.541516013363,0.763804714246,1.045452696883,1.186945208329,0.472640372054,-0.069841003965,0.474917778206,0.377538531966,0.723371313965,1.330865092328,0.78372138681,-0.334503562975,0.237468519178,0.435290255346,-0.131278127384,0.300656480574,0.220813847004,0.311918938624,-0.673039944503,-0.433050423625,-0.678408249334,-0.378302935219,-0.612108291035,-0.283330816489,-0.236813422347,-0.500937033404,-0.537834058222,-0.437190930781,-0.747877949816,-0.765885127256,-0.5306523458,-0.100038767625,-0.496556589785,-0.417080454514,-0.849077093095,-0.631110348759,-0.728295456193,-0.465298073739,-0.489357123456,-0.713177420038,-0.66010385401,-0.68324154489,-0.953372530291,-0.602999526798,0.392238911507,0.166692580539,-0.187076733988,-0.133546667378,-0.282868089314,-0.420449669288,-0.484687248622,-0.330898739367,-0.314458881527,-0.291162694779,0.001709493775,0.003378066044,-0.158530272415,-0.632993940049,-0.360166865953,-0.025989838123,0.055547724351,0.164483507302,0.261358834859,0.423017266518,0.161824683069,0.159284494998,0.562545183769,0.460233792742,0.600697958249,0.148014339389,0.101758970179,-0.037061308987,0.151819025393,-0.094885270637,-0.271939481744,-0.140081925439,-0.438510666677,-0.206605269655,-0.079936868322,-0.620547363397,-0.68655386282,-0.57059182921,-0.262184783289,-0.214433636977,-0.057338208121,-0.355977873382,-0.02078136928,0.137705861381,0.131034183777,0.321122647436,-0.028323123891,0.073548359991,0.485893915358,0.213086900001,0.182130029093,0.061977431876,0.776927121115,1.006309713525,1.174705202668,0.834643535011,0.485528810276,0.348922610092,0.206578782836,0.358585075934,0.008151545815,0.214956046804,0.54521965489,0.36627404256,0.519828035422,-0.289060819093,-0.529642485988,-0.514623945942,-0.15167902593,-0.089353435268,-0.193810541678,-0.030126379198,-0.073129801492,0.285567510936,0.09184621,0.408823648806,0.10423733928,-0.104034262323,0.065723565029,0.051880296469,0.465108044863,0.163291755195,0.115636000414,0.142790858776,0.08128433596,0.117591189899,-0.092297893338,0.053935885336,-0.318349317425,0.020395158683,0.063405980281,-0.032374612779,0.101879792245,-0.325620778614,-0.301032957182,-0.777513392949,-0.486763167509,-0.194909341007,-0.191422714751,-0.068336319419,-0.196913904641,-0.227508838179,-0.314352064392,-0.258714306355,-0.232849233254,-0.159491908059,0.042538633385,-0.42966065567,0.822715082278,0.188265625389,0.074020819885,0.043871172249,0.04498570631,0.288475384967,-0.005889218198,0.731109843616,0.086948778218,0.393241431566,,,,,,,,,,,,
"Contribución a la variación de las actividades secundarias|Actividades secundarias|22---Generación, transmisión y distribución de energía eléctrica, suministro de agua y de gas por ductos al consumidor final",NA,NA,NA,NA,NA,NA,NA,NA,NA,NA,NA,NA,NA,0.176211699962,0.151979833122,0.15668621865,0.20270193734,0.143116127133,0.157276461594,0.191779389292,0.209226630115,0.182064216215,0.193522399318,0.145269676126,0.184786192238,0.174525220151,0.096454188309,0.128066096574,0.080622377724,0.113074107856,0.132949780914,0.176871674462,0.17470510659,0.148298734695,0.125429272344,0.088942081104,0.12151359015,0.122967451557,0.122804038125,0.168137246042,0.213240277982,0.185429600028,0.200159673872,0.21357096921,0.179258534557,0.180137265361,0.171779234255,0.199184663851,0.20826309856,0.192899704798,0.177645459239,0.190158492184,0.167732086046,0.182649918561,0.133768109013,0.119984396389,0.133635663929,0.138372435262,0.08839336969,0.143565620636,0.123765916011,0.08384405793,0.108082918188,0.108097060465,0.12660190047,0.096501442978,0.12915911297,0.117301966332,0.104519726142,0.075240052298,0.09895415773,0.117318698809,0.108317996006,0.058344067877,0.115517470459,0.105830656895,0.047468622581,0.095993808427,0.167182077342,0.080870342806,0.167173418663,0.133274779709,0.204223757913,0.199907901391,0.10830741146,0.064394210212,0.199475498129,0.106306988028,0.132928476199,0.058970880854,0.134185501884,0.002537695214,0.078876504105,0.060039739635,0.024902610601,0.088267447102,0.071826249087,0.176862119383,0.039040932503,0.073867165844,0.025135840477,0.122929901391,0.140661644395,0.077055382919,-0.151483065833,-0.15838225971,-0.156181627977,-0.090741591428,-0.177672129124,-0.184865086794,-0.298251910579,-0.142632792919,-0.253454399349,-0.171291333749,-0.267316378843,-0.212514494314,-0.188583624442,0.03822248141,-0.010765218498,0.080615934313,-0.024081115989,0.053909495644,0.012961901207,0.032979484286,0.027645919315,0.082656188078,0.021841028539,0.081808616955,0.036379320979,0.035932483584,0.093733502334,0.036175515338,-0.003616247573,0.05248896155,0.073494037578,0.113421279105,0.058209896524,0.060067828112,0.079194428993,0.098037644928,0.116185618939,0.097238458469,0.073406880284,0.204082802089,0.323650994371,0.323027209636,0.269096490346,0.243796525475,0.163888251919,0.247883919967,0.267892792621,0.204373361886,0.257082379561,0.155767387021,0.200708038398,0.238099021102,0.067414058726,-0.005863172423,0.015505620035,0.061392501719,-0.060610167259,-0.067542730951,-0.080475907465,-0.047794129602,-0.048977235405,-0.082491897642,-0.001800177922,0.01261046072,-0.020345571283,-0.100757524089,0.074093740851,0.120906843629,0.204224646356,0.113097190985,0.308484748334,0.664906481169,0.441093546882,0.567808174369,0.350443112597,-0.013276525787,0.038780989924,0.223285316542,1.09949248098,0.939584534455,0.760270497409,0.38102703248,0.402789105147,-0.13039629214,-0.48794680798,-0.379877523984,-0.402975187685,-0.189079583365,-0.123002500407,0.06101727077,0.151064990184,-0.756610841285,-0.590034869535,-0.597808228828,-0.19299478927,-0.230231426089,0.177794385989,0.233791297748,0.255334174069,0.215915567758,0.181367103634,0.390190801581,0.156422950383,-0.095144525784,0.125660903725,-0.125013750743,-0.055858544442,-0.197257209545,-0.0508485315,-0.037176981495,-0.100213426057,-0.144900584065,-0.115812066858,-0.114746599976,-0.052286539087,-0.247554429465,-0.092406839227,-0.167713043018,0.071355202211,0.083520159613,0.056212635603,-0.065002997149,-0.144531480945,-0.013222087786,0.14263436075,0.068625688235,0.080596647506,0.019622881307,0.286625072385,0.031053394346,0.190600388351,-0.05253712619,0.133638369848,0.094869070184,1.843349045034,-0.051330847203,0.771773637531,2.888604975241,4.712489885812,5.961572655307,6.270452131528,6.397119855917,2.354195242685,6.37984149075,,,,,,,,,,,,
Contribución a la variación de las actividades secundarias|Actividades secundarias|23---Construcción,NA,NA,NA,NA,NA,NA,NA,NA,NA,NA,NA,NA,NA,36.169681547436,-11.181082832298,26.223426452762,-4.561001710812,-15.301735481413,-17.831634166788,-20.035761149738,-9.247892752657,-14.901268674465,3.541927764518,-8.526040056764,-7.554400118627,-4.250175476828,-13.781671451538,2.096576561427,4.304826431725,23.229498238299,22.398061335279,46.439291190887,37.876352323305,40.214490377808,23.414988835241,-1.369587952934,21.130405456459,-1.006148699781,15.106874755719,-8.067319061264,-5.232699655279,-9.958883383489,-4.359798057948,-7.53887695395,-20.971050306397,-19.516669403762,-13.731368525058,-5.787931751602,-7.029731484866,-13.186561934697,8.75582769396,-9.330333219574,-17.66103440062,1.475429126057,-23.327328361354,1.867313788017,-13.067938873451,-8.78949166385,14.027125169982,-8.179872474063,7.11170573251,2.694844246034,3.107601890948,20.146402953498,-1.631896106039,24.084572794409,49.974844475765,19.141192222901,3.733161340873,26.00046267393,17.033429676821,0.004887237378,8.9218313067,-5.957152114729,5.267568097476,-6.84930912654,-23.305944012292,7.532776636839,19.206269384316,-17.163720370193,20.613238678147,-3.974844803751,-18.051549286845,-3.287673727041,13.667865754486,9.694698490298,13.98022321414,23.716370008468,34.008705154682,33.075861659823,9.633884941102,-4.262085599952,9.122724299371,2.907574685054,15.15459075649,33.524248714492,23.389612024834,-19.32196775674,-6.094069961837,-9.050629644172,-25.879862002972,-7.663312836422,-8.982116853047,-2.013731998293,-19.991908040249,-5.388036760121,-16.487339992806,-11.335889340612,-16.457174984944,-4.709706674006,-3.290641901167,-8.735454992453,-8.986842868221,-4.183436263058,-16.546280583218,-21.020204489592,-11.685853795627,-1.383163238774,-15.814038879446,-5.723985244083,-14.754460881061,-7.327049477021,-16.199124228012,-3.242648677599,-7.174494969268,-6.277167289269,-2.689245683386,-5.778094631556,-6.536978202244,-7.936364430613,2.538860749083,3.662742202052,-1.157314505164,0.031357130966,-0.271181443054,-5.733209620714,-7.53473958693,-0.8340438489,3.983265101999,-1.974498099734,7.354483197657,-1.501788501207,-0.119690728643,-1.501045665059,-4.256834450674,-3.087066124982,2.913334779422,-0.117177225938,8.895122702518,7.014054967648,-7.862608511582,-6.639426530525,18.318117612852,18.026883945445,16.848546367331,4.02074829002,6.380446326496,-0.959394720974,12.406825383032,0.600655849335,-4.445192187851,-5.178334041397,-10.567552667523,1.241312574209,-3.266188664565,-26.024288418616,-27.869590348299,-11.984541593143,-6.823021174017,-9.524165580847,-3.351112942593,-10.849973847684,-3.315358999931,5.742920355087,7.379821646597,7.895702567556,3.028106297778,6.336401893803,18.294984664204,7.617944160037,-0.264992314873,2.050534632552,16.962916491048,34.850037970603,30.131503673474,21.899313890853,7.703727008548,2.230555071616,-0.262754706433,5.509850713878,-5.241797973707,3.105904349214,12.564286284723,13.461905545171,11.623628648482,-9.934886474489,-19.366074369663,-18.764055177735,-3.168652391864,0.393460791076,0.505745808772,4.42410568282,-4.27476081107,10.797690677037,1.999364072762,13.496258431872,-0.938155986186,-2.93624130955,10.911184375005,5.753550340747,29.947243188269,16.765617526765,11.04802702393,6.593397683707,3.089926002806,4.234128030066,-2.349091011434,-4.760113263064,-17.555762490093,-2.668165172136,4.538459665122,-5.599154728194,1.170213299921,-14.277385139723,-15.877452160276,-26.261994502471,-23.177057784286,-11.832941369917,-9.118419496763,-6.145161628864,-11.686560738557,-9.956101827047,-14.178434600015,-12.503861422051,-17.208826043704,-12.588321257248,-4.354086429137,-21.153030479535,13.80355137498,3.621879260254,2.4610094449,2.51836937095,1.24332801661,10.212205476167,-0.728032828216,25.948188372255,-0.683419098543,21.032866717186,,,,,,,,,,,,
Contribución a la variación de las actividades secundarias|Actividades secundarias|31-33---Industrias manufactureras,NA,NA,NA,NA,NA,NA,NA,NA,NA,NA,NA,NA,NA,0.676919709442,-0.640005104714,0.216098107773,2.898808233627,-0.535289833102,5.061249029903,2.037358654938,4.856539223335,2.639784726706,1.728592810186,1.552930703114,5.084256996963,2.162621187242,3.107155114922,10.088452165022,-1.131610257789,8.781610356297,4.143209022359,-0.476960211282,0.101409318065,1.536454501632,1.459842934236,-2.353196762686,-0.615636124459,-4.473808036991,1.374412605819,-3.613265161557,-5.371091147783,2.590659729114,-7.429620331235,-1.120251186587,-1.072675484505,-1.267066641583,-0.047091476874,1.064903123705,0.103565108879,1.225264861665,2.160089894395,-0.97999788137,6.430885476344,0.88878165675,5.517584345685,4.582086700964,5.922249227393,4.153381074428,3.218602894035,6.701928720599,0.800771592188,4.433184162227,-0.585932221515,-1.513848051533,3.365490899413,-4.961486928954,-2.23078133994,-14.393175448175,-0.43481877237,-7.300514627128,-7.918256361478,-3.787574422881,-11.254621532231,-3.140751329977,-3.665629713686,-0.920155730382,-4.358526512126,-5.202692820136,-6.476357467527,-4.786525737231,-3.969588887854,-8.184329716055,-6.433443085714,-3.796008651098,-1.411941194769,-1.641584389812,-3.675008220225,-5.532189322539,0.851602259076,2.517504173768,-3.645665551241,1.818036545537,3.070297865322,7.702094297697,5.45596026615,10.351777298618,9.44053738532,3.903961160566,4.943694488106,3.489764602265,6.823874146239,3.438349539093,5.455125471387,5.311373041477,8.295434456657,8.90582015459,6.488418745623,2.380344063114,7.596796608413,5.025904675145,-1.964804726099,6.596536977794,5.747493759241,4.069810144089,4.218326789761,3.945973597554,5.154399603331,5.559346036236,5.849751310141,1.28103452758,-1.814546070171,3.282127632006,1.374056901719,8.153939688788,4.209650923027,-1.476398369976,3.982165641878,2.067355495031,-2.519697526884,2.459981542926,1.511097501676,-1.42922611276,-0.421157480262,19.120494832875,0.031984415993,0.271205066566,2.691398271976,0.192281460206,4.10274462393,1.86875892906,-1.15551491603,-1.50517572526,1.862654413205,0.435794424558,0.514989888101,6.109228098348,-3.04590048014,2.191502810409,2.535758134148,0.039613401683,-1.968107434471,1.227091613167,-1.65157109458,1.635597449858,6.878666832906,1.163065740991,-0.141342396052,0.945223538444,0.809129378038,0.836410264446,-1.370431677424,0.418650304746,4.214565699615,1.69474111105,2.91676729054,3.092497977741,2.180036241979,2.826717049148,1.571136741945,1.257929076422,4.653618928559,-1.313445659679,1.070445115158,2.094694958374,1.813734904439,-2.764402904209,4.514576144242,0.861773302153,-2.627136098903,-0.285344452575,0.784834353933,0.831472877385,4.024839058502,-0.85192891919,6.339018516217,-5.872677894832,3.292142302872,-1.915358218417,-0.025428600113,-0.951554469487,-7.003730202026,-0.504882412584,-3.223137827977,-4.05955487559,-0.910573042565,-1.955834032168,-4.362188721846,-7.626825350942,0.537960791945,-5.26378336353,-1.325622711968,-0.732309754436,-0.716022400545,4.591584382365,-1.576804501732,0.645605431863,-0.764151291738,-1.818613555706,-3.289987423313,4.147434833574,-0.124342344136,-2.388105470435,-2.955444420203,-4.449207584601,-1.574937153786,-5.690944694549,-1.982982254846,-4.802463343015,-5.173169402584,-5.448480542189,-2.925210439403,-3.993613381755,-6.075319004996,-2.287823771429,-17.287701097528,-22.600278603281,-9.829020171781,-8.928555714033,-6.548715891645,-7.176506435872,-4.326911484667,-3.378267098196,-0.212920770204,-7.97430309558,-2.758790906651,-1.98737373573,3.000443127947,23.180715288568,40.655694532851,13.617493363035,0.946616580845,-1.294294096705,-4.183940989849,-1.06595612625,1.732852056198,3.113623059848,4.953690959417,-2.897190991006,,,,,,,,,,,,
Variación acumulada|Actividades secundarias,NA,NA,NA,NA,NA,NA,NA,NA,NA,NA,NA,NA,NA,37.798512694494,12.523289624162,17.332962619337,12.817503680926,6.292364090001,2.899281683683,-0.547858848698,-1.025833546992,-2.394891724676,-1.53511019358,-2.117296041454,-2.183345172028,-2.183345172028,-10.92048447336,-1.756631853117,-0.086980714377,6.680454925447,10.253772730242,15.663913331908,18.751147345027,21.638105298702,22.045269438012,18.912699692989,19.116168938038,16.846482746018,16.846482746018,-11.67392919231,-11.098399662198,-9.715066356541,-10.266199392015,-9.943637601872,-12.297787609881,-13.693893188539,-13.740526624661,-12.734084459391,-12.156501312946,-12.136117139404,-10.3737255822,-10.3737255822,-11.393758890723,-4.992441014345,-9.90865756076,-5.683667842132,-5.97060361447,-5.704568435139,-2.381530200415,-2.255744836617,-0.999539406327,-0.134478496461,0.120949180803,1.884462219163,1.884462219163,19.530722457368,34.102901304285,24.321281311052,18.411801346318,18.60600446797,17.070009362932,13.53767560081,11.338696749638,8.638345734101,7.873563127748,6.3516675007,2.598844328793,2.598844328793,13.655309613999,-6.014096679757,0.771126347861,-2.460348408535,-6.984121017239,-6.905135144809,-4.037894234628,-2.46460547269,-0.980370223321,1.154450794071,4.09177236998,6.595045263798,6.595045263798,-2.511352363165,4.441933026892,6.662270429848,9.992660391836,15.869284754246,18.66795413122,12.86424989142,10.95110006964,8.979585883729,5.450273706771,4.432180559453,3.686615364727,3.686615364727,-12.520996593928,-4.92174300855,-6.990644709106,-7.599197127084,-8.027314501357,-6.633673697394,-6.526780995292,-6.060928736965,-5.843005244059,-5.350679351757,-6.160863512068,-7.250690162537,-7.250690162537,4.114366511247,-3.653430730609,-4.031202858042,-7.318066758714,-6.765245530094,-8.425928581974,-6.77700971363,-6.345609533691,-6.568623282556,-5.840212833568,-5.69717311507,-6.0434499309,-6.0434499309,4.5359306646,3.496938180813,1.743915029841,5.526644985704,4.273223108741,2.520393411601,1.404815891576,1.097129060786,1.821632230664,1.593047272976,2.041737565787,1.657840292431,1.657840292431,-1.494162378462,-2.61294937047,-0.706392733856,-0.485066805836,0.109272315317,1.993847405756,2.760484119552,1.177879805244,0.470365920385,2.270474894415,4.052622483235,5.569927391503,5.569927391502,6.408276959348,3.279470136315,6.658426349525,5.355158107418,2.996756018264,1.595516468199,0.408043916455,0.672979139357,0.549343390679,-2.389753799681,-5.133915790934,-5.534414786644,-5.534414786644,-8.58142766549,-3.944945628414,-6.950261541163,-5.783258031775,-3.191810964143,-1.081095757632,-0.144788829666,0.817934671914,1.564253400364,2.984720724512,3.388459889033,3.167270258354,3.167270258354,22.864175151645,29.325134169126,32.364275833202,28.611915431227,25.122783246386,20.637598474862,17.706174341029,16.03019444278,12.794544595562,11.700911158946,11.522003339315,11.383948631524,11.383948631524,-12.936392167034,-19.121400384762,-22.054814429723,-17.738976082051,-15.39839187895,-13.184770209614,-11.190379462121,-10.458646458173,-8.155512827018,-7.280806632955,-5.261272298718,-4.954033653362,-4.954033653362,7.812581420446,8.784909066301,15.766116748355,15.386573792023,13.875522556744,11.856942927613,10.4416385655,8.987955266764,7.495909715714,5.658595798802,2.48769710084,1.584248366773,1.584248366773,-9.792855765745,-7.327621360843,-10.798903533401,-16.77702509187,-23.313998348772,-24.952501536862,-24.452506295598,-23.489890770167,-22.493957806386,-21.909719107686,-21.217454499542,-20.70582542964,-20.70582542964,-20.009865795258,-17.394881108374,-11.856377175094,-8.990051807241,-0.381553919894,2.110765090191,2.392146693783,2.60630562911,2.519834741555,3.789402787586,4.105360403201,6.711415881778,6.711415881778,24.908758648497,,,,,,,,,,,,
Variación acumulada|Actividades secundarias|21---Minería,NA,NA,NA,NA,NA,NA,NA,NA,NA,NA,NA,NA,NA,29.244665205368,11.220686849164,15.659771077166,10.406564991167,3.235178653039,-0.985615658359,-5.10882907754,-5.36090017807,-6.574943951846,-7.287553913488,-8.755501211892,-9.725892963262,-9.725892963262,-13.764073572397,-11.992681626675,-11.530612425078,-6.35222019762,-3.658536636387,2.075409553482,6.595915297378,9.394425908115,10.28540845156,9.471882111279,10.309489799513,9.449836290875,9.449836290875,-6.705006850466,-4.148228793448,-4.514514685197,-6.238845731242,-6.944985462718,-10.999004989043,-13.994603404996,-14.464140273133,-13.28935298086,-12.734638543298,-12.212846438535,-10.553011453904,-10.553011453904,-13.025117772633,-6.805379447852,-11.171570785479,-6.521126479672,-5.713625292185,-3.867959947477,0.277970994063,-0.676577664929,0.172005281214,0.241498851443,-0.061173546255,1.011968559527,1.011968559527,12.460189308003,28.420375968526,25.649896446285,22.313104992656,22.496106571654,20.07893046745,16.104551943939,15.71078854049,12.875594926253,12.164844858633,10.44165533805,7.267290012971,7.267290012971,32.273719916402,8.794000018988,14.394380926468,10.053214825545,6.008048693497,7.594617184123,10.252404678842,11.031788988182,12.307745623868,14.329665003406,16.691289610625,19.015967228155,19.015967228155,-2.554364880254,6.545648425169,8.786593746625,12.560483424238,17.96393527812,19.196382366848,14.081495400687,13.378180919377,13.791274715669,11.573730354683,11.587830055828,11.239866088393,11.239866088393,-24.626628343526,-19.959394486085,-21.004110322429,-18.851416579458,-19.054400621392,-17.424156350904,-16.242247325595,-16.315667145909,-16.408968799768,-16.173927389286,-17.081633236626,-17.823447933005,-17.823447933005,-4.248330867482,-13.295029360912,-14.334621225642,-18.566710816008,-19.52742546396,-21.114269539304,-20.447659015722,-20.291750711852,-20.972980779335,-21.342454649767,-21.818161697111,-22.859218349272,-22.859218349272,18.111940496784,13.321686038831,5.786245473375,3.080880881688,-0.234152536394,-3.490061918482,-6.086162502174,-7.289130257472,-8.042056124471,-8.676233686285,-7.918554635994,-7.319807117638,-7.319807117638,-25.869357664353,-21.650452715551,-15.467270450222,-11.418805169762,-7.77678563528,-4.626010773921,-1.323088364026,-0.135244545193,0.782355089329,3.72668475589,5.698129071888,7.496269170379,7.496269170379,5.526154225884,1.863500447448,3.86081765061,1.652840906847,-1.549032831473,-2.534316100967,-5.24407854464,-5.77784554849,-5.590502429749,-8.697491404801,-11.674227085839,-13.04054358427,-13.04054358427,-11.742444316824,-7.696892207381,-11.678387891226,-9.136055622791,-6.026116593677,-3.868525123052,-1.146175527809,-1.185653069533,-0.642661528767,1.882810769111,2.750044977157,3.348718120911,3.348718120911,44.068515318991,50.619416204828,55.785707734314,52.698114613036,46.841078794869,41.596894927534,36.817640528453,34.825438321392,30.937490944047,28.749609087946,28.930443898313,28.037646709237,28.037646709237,-13.982780970603,-20.211384019768,-21.606124934992,-17.88031407038,-15.342588422347,-14.320054171333,-12.732447794643,-11.744191085191,-9.559523813152,-8.21667219589,-5.734692082517,-4.881386316639,-4.881386316639,3.217930803127,2.922045161426,9.144833938279,8.618712514029,7.940678488124,7.791992265318,7.238716277994,7.060901837718,5.809774428988,5.449336584496,3.173746202046,2.972796542755,2.972796542755,-1.655672620812,1.727286317976,-4.986567577592,-7.568206318284,-13.643757325987,-15.179518062735,-14.337489820312,-13.678601527273,-12.65710249218,-12.170843332758,-11.903734793942,-11.966283147352,-11.966283147352,-10.922858722154,-9.345293700817,-5.457984993177,-8.130983029304,-2.217687813596,-0.738552067169,-0.217018941924,0.037354558339,0.24402189876,1.416416352544,1.256464930731,3.622384591975,3.622384591975,16.564980433638,,,,,,,,,,,,
"Variación acumulada|Actividades secundarias|22---Generación, transmisión y distribución de energía eléctrica, suministro de agua y de gas por ductos al consumidor final",NA,NA,NA,NA,NA,NA,NA,NA,NA,NA,NA,NA,NA,14.317253479775,13.361345402088,12.937108443144,13.39835420727,13.209279358012,13.134873297463,13.870960099766,14.324403132805,14.571840007313,14.981133994994,14.836102001043,15.077848863523,15.077848863523,9.446671469625,8.82695186711,8.238040640038,7.929637008959,8.072975420356,8.584960548535,9.013015262454,9.153422249833,9.088967809595,8.932152569066,8.951190419333,9.01809717007,9.01809717007,13.402843275992,13.783771032392,14.400344367131,14.668150696,14.982263777279,14.958203998113,14.947544980532,14.97912473169,15.062781680497,15.150779602551,15.23693895749,14.967009501459,14.967009501459,10.413917324961,9.965366790574,9.65643234027,8.985968822296,8.773653814338,8.590483503706,8.06520257242,8.245729519382,8.224898822085,7.90591748871,7.809282772786,7.76822227462,7.76822227462,4.808086580244,5.556740249596,5.689620283077,5.803940098751,5.402843890993,5.31659199398,5.620579108392,5.725783970084,5.511606279658,5.685202380559,5.752598683571,5.56854686748,5.56854686748,9.499766736906,7.501253336454,7.814571854372,7.772606483099,8.639928825757,8.934080771116,8.533641411299,7.882093977157,8.26496573688,8.065850981861,7.969068808036,7.56505652489,7.565056524891,0.149671537564,2.044710520803,2.46182684053,2.131792930361,2.419837352841,2.547621401282,3.703437233385,3.520803098164,3.597365197571,3.403480239525,3.837564081787,4.305021988398,4.305021988398,-8.696977816325,-8.68344791272,-8.853908515437,-7.90655680931,-8.330168580571,-8.713382784452,-9.478879554347,-9.288586647094,-9.72439015379,-9.659332554948,-10.244987910586,-10.473548507256,-10.473548507256,2.102528192249,0.708336038095,2.04215187036,1.174287220174,1.55737592323,1.430146801966,1.463955222047,1.483995667093,1.838370597045,1.780913619145,2.06509512189,2.067456695414,2.067456695414,5.257653481415,3.644084632207,2.315306177939,2.325741114488,2.638081988313,3.219786225619,3.191046400813,3.211394933913,3.295988829662,3.527843855153,3.795675908501,3.887995215568,3.887995215568,11.36882101963,14.64746056369,15.342864703152,15.015351528661,14.393532193687,13.217888749963,13.017759296621,13.183467079661,12.893276669108,12.999282991119,12.599603275932,12.340196569674,12.340196569674,3.321680385586,1.513687160728,1.238719777678,1.63610133214,0.717851044622,0.041280775275,-0.491276376217,-0.685910167669,-0.85169375293,-1.235652602331,-1.135007126327,-0.990921839401,-0.990921839401,-5.112917722797,-0.909705000279,1.520449973466,3.487391735276,3.78375997002,5.581550499715,8.884902082116,10.225354967409,11.921442173191,12.292714246394,11.126502882001,10.375959741346,10.375959741347,53.754016831389,47.67826307007,42.207279933165,35.012749234762,31.570345687146,24.935323323743,17.934320592903,13.433570133373,9.861763090926,7.994017063128,6.857778089735,6.561443403008,6.561443403008,-29.559019086086,-27.417187729377,-27.139300625597,-22.725937933207,-20.359298817517,-16.491851375142,-13.429792899085,-10.787606085547,-8.952095637706,-7.392456833138,-5.271208528355,-4.319583578666,-4.319583578666,6.067767083788,0.214975937285,-0.675468632276,-2.836884043208,-2.721895541429,-2.539280161841,-2.774696553768,-3.195104260702,-3.395322872514,-3.59386798808,-3.522993061716,-4.167473288471,-4.167473288471,-8.231549238563,-2.536879084929,-0.100079997465,0.712635572808,-0.110685456708,-1.267804038731,-1.169133009666,-0.247026263406,0.107900097464,0.454684355761,0.490198930642,1.484537664121,1.484537664121,9.195726729424,3.239800285959,4.26302817712,4.016508141762,12.835746649305,10.437828995649,12.821411756799,24.418955843893,41.119629536812,58.976326407013,74.833934307587,87.935861950469,87.935861950469,225.477362842367,,,,,,,,,,,,
Variación acumulada|Actividades secundarias|23---Construcción,NA,NA,NA,NA,NA,NA,NA,NA,NA,NA,NA,NA,NA,92.373023540746,29.066395661417,42.130793946974,29.342211533991,13.535188988668,3.601738770856,-4.546058100187,-6.633498666042,-9.848336516654,-7.746101538133,-8.813393794981,-9.438811248665,-9.438811248665,-25.2117345351,-15.649570044689,-6.860467315733,4.897169790392,13.14933599117,28.002342374687,36.747197228152,44.64811848524,46.486817404094,39.580723605933,40.54110789412,36.237294117111,36.237294117111,-17.578202058796,-16.588764418358,-17.756074565978,-15.716723833432,-15.763673547469,-20.890586948285,-23.563137389944,-23.863484770445,-22.572121050382,-21.818568533858,-22.148878741421,-19.195433356039,-19.195433356038,-41.239005405388,-23.181114251587,-35.095667346804,-24.320065029887,-25.52955643565,-24.948746756638,-16.641737672512,-16.774784404596,-12.704576164093,-10.700393277791,-8.966484129781,-3.723854568273,-3.723854568273,84.802014345455,119.058199748202,105.19570759055,68.606748795781,70.738193865961,67.626253606433,52.019706701657,47.563456462282,37.655838874118,34.455012812325,28.78264183083,18.190496729767,18.190496729767,43.740433278908,-1.567813958616,11.103054377211,6.316781956715,-2.694843461668,-3.368895571991,1.221993819836,3.578132185229,6.400238866935,10.99532471115,16.17393428356,20.195324455628,20.195324455629,-7.674905069405,3.465371217698,4.115791064191,9.834133421666,19.565299204755,24.171721248934,13.132529309671,9.550792862282,6.163279735582,-0.880017214608,-2.364912677375,-3.743695306934,-3.743695306934,-38.013632603895,-24.382128433439,-27.049270362821,-25.717680611457,-27.004484195857,-23.882890005776,-22.042936440707,-21.567676325401,-21.313873303765,-20.393823974366,-21.646645080021,-23.40198978652,-23.40198978652,-3.711643074701,-21.706484257927,-19.442025158751,-22.944914607621,-22.160307787199,-24.778688240507,-22.475473875665,-21.867446022119,-21.235936511788,-19.935523900999,-19.447502755507,-19.244522403463,-19.244522403463,7.366624529297,9.116666476269,4.895207911174,3.787904418769,2.861467030374,-0.537783139672,-3.504507690541,-3.359090108133,-1.780714287709,-2.192328848768,-0.00972152088,-0.337676718129,-0.337676718129,-4.240527152329,-7.964831310647,-8.274373644971,-4.342993511183,-3.570378972443,1.211007260844,3.839810378621,0.298262288887,-1.946727293652,3.942670093666,8.631394801864,11.570639567305,11.570639567305,18.542027679232,8.361886643292,18.459505055424,14.223499855534,8.59159644159,4.206146801209,-0.801177494383,-0.287106526905,-1.308630174296,-10.242897327867,-17.475165207712,-18.57879311258,-18.57879311258,-24.844837568536,-18.690636699252,-22.409091413923,-19.553940235735,-13.341128344676,-7.673733952887,-3.760961549954,-2.274331094095,0.000964542632,5.464891439932,7.178836308714,6.478045172569,6.478045172569,53.825164474787,85.874961625945,90.044410483442,85.016452384653,71.590606939942,57.752387424047,49.117493319778,45.410612756074,38.290984237175,34.808199291528,35.091173454365,35.57955076244,35.57955076244,-25.179414755132,-34.350514073506,-37.304215489063,-30.228156051299,-25.279323892809,-21.51019292804,-18.138028940154,-17.587770900072,-13.952889601105,-12.126273140491,-7.863869410495,-7.383782531042,-7.383782531042,32.178824580607,24.031961001594,44.148647517697,42.432016806866,39.532157849846,35.319948202633,31.655589006471,29.772090136802,25.79371416603,21.490007060495,13.500652729073,11.712302577091,11.712302577091,-13.468781577928,-5.760112413283,-15.366666515821,-19.852874937015,-27.302625959768,-31.031437545954,-30.874118222663,-30.358117390931,-29.258662567444,-29.351603829201,-29.026138140572,-29.342919579614,-29.342919579614,-43.154411730314,-36.65478801919,-27.357099916496,-30.255814155074,-22.637100136576,-18.892347087047,-15.96773890649,-13.653088061193,-11.994623565232,-8.425781890338,-7.913944264319,-1.799831618936,-1.799831618936,74.218485228234,,,,,,,,,,,,
Variación acumulada|Actividades secundarias|31-33---Industrias manufactureras,NA,NA,NA,NA,NA,NA,NA,NA,NA,NA,NA,NA,NA,1.188398268039,0.01159057552,0.132309969769,1.325544133999,0.839956641821,2.324244026403,2.619623798053,3.447870179308,3.662935629263,3.638495673,3.601098053379,4.237571646463,4.237571646463,7.428507977792,12.12833038005,7.068476647708,8.929546955862,8.578855269187,6.918249160711,5.962871544139,5.527068488172,5.177399801192,4.081751434505,3.604795457532,2.52721535484,2.52721535484,-7.163030420037,-7.95867498279,-3.600151190833,-6.373310170023,-5.579108285719,-5.056473394525,-4.780490382526,-4.192856143459,-3.482086966134,-3.10941483731,-2.595286759129,-2.053651470903,-2.053651470903,12.129298749812,6.775171928994,8.155832328093,8.372749898725,8.964409794024,8.70683944577,8.360604184287,9.042058392161,8.159345573621,8.188178410625,7.330911493944,6.453526806453,6.453526806453,-7.39472411864,-5.594747645472,-10.989583008161,-8.566372107235,-9.198643899664,-9.778676377049,-9.549591093175,-10.942824058189,-10.446584339243,-10.07545498559,-9.381252425866,-9.548272081903,-9.548272081903,-12.459044901621,-12.212894672494,-10.740561021414,-12.254869027974,-12.575815347641,-11.763923104149,-10.593538145891,-9.722566806578,-9.446181621424,-9.656578038293,-8.623288322842,-7.589252927438,-7.589252927438,4.540827425869,5.630487633192,9.940662189571,10.362785534444,12.172184928243,13.356623017407,12.885661638953,12.758982625075,12.236755526539,12.94173965244,12.51776957677,12.753915767077,12.753915767077,19.321446503946,20.033240847973,18.153504633383,15.008537269143,15.517330034973,14.782576846909,12.097467049385,12.357722335075,12.32111769364,11.799595666947,11.575648361902,11.38166737176,11.38166737176,9.493132113834,10.548470226228,7.686336047429,5.103235968603,5.250759197663,4.823789342802,6.191945977279,6.386902918754,5.358975371296,5.525648340079,5.34854205062,4.523312832992,4.523312832992,2.453590532019,0.090153316841,-0.166629657592,6.708908397408,5.27971105403,4.4558865619,4.494241760722,3.933209442636,4.247851253496,4.11745358893,3.544374024151,3.07872541955,3.07872541955,0.721987496154,0.789553853523,3.774882662618,1.575538298975,1.96208613849,2.293273506471,1.992891280652,1.32360896362,1.4061904648,0.972790184656,1.148565441541,1.895897152517,1.895897152517,-0.229011946028,0.618060799115,0.83203317823,0.957957907832,0.314675451196,0.380106123397,1.285152547775,1.442626216029,1.787463485048,2.214996419291,2.429404396136,2.653432359719,2.653432359718,2.17376694957,4.699502082856,2.287889797818,2.149721743515,2.351945080806,2.441936089136,1.524197702814,2.187017015651,2.08786989394,1.47326916669,1.296041584337,1.292237284863,1.292237284863,6.223008209943,2.446136886208,4.861108266343,1.446010198946,2.207859251043,1.289912227446,1.113946689523,0.778155589911,-0.55154535649,-0.580973848352,-0.998575634658,-1.441367565905,-1.441367565905,-3.497764187004,-6.125294556873,-9.122883664363,-6.88936073203,-7.29492069448,-6.498854529394,-5.806892100153,-5.212407773897,-3.981188100435,-3.851438890475,-3.407072318851,-3.253331523371,-3.25333152337,-5.308258334879,0.491324802557,0.264748841148,-0.888771971926,-1.767133729959,-2.807496761474,-2.794986946591,-3.606294731798,-3.581571834084,-4.094920898026,-4.714019155204,-5.140941759077,-5.140941759077,-7.336369076425,-8.925083405239,-7.625798126224,-14.988852128201,-20.944627438325,-20.724562162158,-20.085715361159,-18.945543406232,-18.187777936585,-17.14495748361,-16.187433448548,-15.00810539265,-15.00810539265,-4.933618445949,-4.30268040341,-0.986740637601,8.73970804806,17.756885965748,18.498103415026,16.065179533635,13.555681476567,11.118594580073,9.709224924553,9.046107353194,8.698128381472,8.698128381472,-4.359466662258,,,,,,,,,,,,
